setup.py
molly/__init__.py
molly/urls.py
molly.egg-info/PKG-INFO
molly.egg-info/SOURCES.txt
molly.egg-info/dependency_links.txt
molly.egg-info/requires.txt
molly.egg-info/top_level.txt
molly/apps/__init__.py
molly/apps/contact/__init__.py
molly/apps/contact/forms.py
molly/apps/contact/models.py
molly/apps/contact/urls.py
molly/apps/contact/views.py
molly/apps/contact/providers/__init__.py
molly/apps/contact/providers/mit.py
molly/apps/desktop/__init__.py
molly/apps/desktop/urls.py
molly/apps/desktop/views.py
molly/apps/feature_vote/__init__.py
molly/apps/feature_vote/admin.py
molly/apps/feature_vote/forms.py
molly/apps/feature_vote/models.py
molly/apps/feature_vote/urls.py
molly/apps/feature_vote/views.py
molly/apps/feature_vote/migrations/0001_initial.py
molly/apps/feature_vote/migrations/0002_auto__add_field_feature_implemented_on.py
molly/apps/feature_vote/migrations/0003_auto__add_field_feature_notifications_sent.py
molly/apps/feature_vote/migrations/__init__.py
molly/apps/feedback/__init__.py
molly/apps/feedback/forms.py
molly/apps/feedback/urls.py
molly/apps/feedback/views.py
molly/apps/feeds/__init__.py
molly/apps/feeds/admin.py
molly/apps/feeds/models.py
molly/apps/feeds/events/__init__.py
molly/apps/feeds/events/urls.py
molly/apps/feeds/events/views.py
molly/apps/feeds/migrations/0001_initial.py
molly/apps/feeds/migrations/0002_auto__add_field_feed_language.py
molly/apps/feeds/migrations/__init__.py
molly/apps/feeds/news/__init__.py
molly/apps/feeds/news/urls.py
molly/apps/feeds/news/views.py
molly/apps/feeds/providers/__init__.py
molly/apps/feeds/providers/rss.py
molly/apps/home/__init__.py
molly/apps/home/admin.py
molly/apps/home/forms.py
molly/apps/home/models.py
molly/apps/home/urls.py
molly/apps/home/views.py
molly/apps/home/migrations/0001_initial.py
molly/apps/home/migrations/__init__.py
molly/apps/library/__init__.py
molly/apps/library/forms.py
molly/apps/library/models.py
molly/apps/library/search.py
molly/apps/library/tests.py
molly/apps/library/urls.py
molly/apps/library/views.py
molly/apps/library/providers/__init__.py
molly/apps/library/providers/google.py
molly/apps/library/providers/z3950.py
molly/apps/places/__init__.py
molly/apps/places/admin.py
molly/apps/places/forms.py
molly/apps/places/models.py
molly/apps/places/search.py
molly/apps/places/tests.py
molly/apps/places/urls.py
molly/apps/places/views.py
molly/apps/places/migrations/0001_initial.py
molly/apps/places/migrations/0002_auto__add_entitygroup.py
molly/apps/places/migrations/0003_auto__add_entitytypecategory.py
molly/apps/places/migrations/0004_auto__add_field_entitytype_category.py
molly/apps/places/migrations/0005_auto__add_entitytypecategoryname__add_entityname__add_entitygroupname_.py
molly/apps/places/migrations/0007_auto__add_unique_entitytypecategoryname_entity_type_category_language_.py
molly/apps/places/migrations/0008_auto__add_route__add_stoponroute.py
molly/apps/places/migrations/0009_auto__add_journey__add_scheduledstop.py
molly/apps/places/migrations/__init__.py
molly/apps/places/providers/__init__.py
molly/apps/places/providers/acislive.py
molly/apps/places/providers/atcocif.py
molly/apps/places/providers/bbc_tpeg.py
molly/apps/places/providers/ldb.py
molly/apps/places/providers/naptan.py
molly/apps/places/providers/osm.py
molly/apps/places/providers/postcodes.py
molly/apps/places/providers/tfl.py
molly/apps/places/providers/timetables.py
molly/apps/places/templatetags/__init__.py
molly/apps/places/templatetags/molly_osm.py
molly/apps/podcasts/__init__.py
molly/apps/podcasts/admin.py
molly/apps/podcasts/models.py
molly/apps/podcasts/tests.py
molly/apps/podcasts/urls.py
molly/apps/podcasts/views.py
molly/apps/podcasts/data/__init__.py
molly/apps/podcasts/migrations/0001_initial.py
molly/apps/podcasts/migrations/0002_auto__add_unique_podcast_slug.py
molly/apps/podcasts/migrations/0003_auto__add_field_podcast_language.py
molly/apps/podcasts/migrations/0004_auto__add_podcastcategoryname.py
molly/apps/podcasts/migrations/0005_i18n_categories.py
molly/apps/podcasts/migrations/0006_auto__del_field_podcastcategory_name.py
molly/apps/podcasts/migrations/__init__.py
molly/apps/podcasts/providers/__init__.py
molly/apps/podcasts/providers/opml.py
molly/apps/podcasts/providers/pp.py
molly/apps/podcasts/providers/rss.py
molly/apps/podcasts/templatetags/__init__.py
molly/apps/podcasts/templatetags/molly_podcasts.py
molly/apps/sakai/__init__.py
molly/apps/sakai/models.py
molly/apps/sakai/urls.py
molly/apps/sakai/views.py
molly/apps/sakai/templatetags/__init__.py
molly/apps/sakai/templatetags/molly_sakai.py
molly/apps/search/__init__.py
molly/apps/search/forms.py
molly/apps/search/models.py
molly/apps/search/tests.py
molly/apps/search/urls.py
molly/apps/search/views.py
molly/apps/search/providers/__init__.py
molly/apps/search/providers/application_search.py
molly/apps/search/providers/google_search_appliance.py
molly/apps/search/templatetags/__init__.py
molly/apps/search/templatetags/molly_search.py
molly/apps/service_status/__init__.py
molly/apps/service_status/models.py
molly/apps/service_status/urls.py
molly/apps/service_status/views.py
molly/apps/service_status/providers/__init__.py
molly/apps/service_status/providers/rss_module.py
molly/apps/stats/__init__.py
molly/apps/stats/admin.py
molly/apps/stats/logconfig.py
molly/apps/stats/middleware.py
molly/apps/stats/models.py
molly/apps/stats/urls.py
molly/apps/stats/views.py
molly/apps/stats/management/__init__.py
molly/apps/stats/management/commands/__init__.py
molly/apps/stats/management/commands/churn_stats.py
molly/apps/stats/migrations/0001_initial.py
molly/apps/stats/migrations/__init__.py
molly/apps/transport/__init__.py
molly/apps/transport/models.py
molly/apps/transport/urls.py
molly/apps/transport/views.py
molly/apps/transport/providers/__init__.py
molly/apps/transport/providers/tfl.py
molly/apps/weather/__init__.py
molly/apps/weather/admin.py
molly/apps/weather/models.py
molly/apps/weather/urls.py
molly/apps/weather/views.py
molly/apps/weather/migrations/0001_initial.py
molly/apps/weather/migrations/__init__.py
molly/apps/weather/providers/__init__.py
molly/apps/weather/providers/bbc.py
molly/apps/webcams/__init__.py
molly/apps/webcams/admin.py
molly/apps/webcams/models.py
molly/apps/webcams/urls.py
molly/apps/webcams/views.py
molly/apps/webcams/migrations/0001_initial.py
molly/apps/webcams/migrations/0002_auto__add_webcamname.py
molly/apps/webcams/migrations/0003_i18n_webcam_names.py
molly/apps/webcams/migrations/0004_auto__del_field_webcam_title.py
molly/apps/webcams/migrations/__init__.py
molly/auth/__init__.py
molly/auth/forms.py
molly/auth/middleware.py
molly/auth/models.py
molly/auth/urls.py
molly/auth/views.py
molly/auth/migrations/0001_initial.py
molly/auth/migrations/0002_auto__add_unique_usersession_secure_session_key.py
molly/auth/migrations/__init__.py
molly/auth/oauth/__init__.py
molly/auth/oauth/clients.py
molly/auth/oauth/views.py
molly/auth/templatetags/__init__.py
molly/auth/templatetags/molly_auth.py
molly/batch_processing/__init__.py
molly/batch_processing/admin.py
molly/batch_processing/models.py
molly/batch_processing/management/__init__.py
molly/batch_processing/management/commands/__init__.py
molly/batch_processing/management/commands/create_crontab.py
molly/batch_processing/management/commands/run_batch.py
molly/batch_processing/migrations/0001_initial.py
molly/batch_processing/migrations/0002_auto__add_field_batch_last_run_failed.py
molly/batch_processing/migrations/__init__.py
molly/conf/__init__.py
molly/conf/applications.py
molly/conf/settings.py
molly/external_media/__init__.py
molly/external_media/models.py
molly/external_media/urls.py
molly/external_media/views.py
molly/external_media/migrations/0001_initial.py
molly/external_media/migrations/__init__.py
molly/external_media/templatetags/__init__.py
molly/external_media/templatetags/molly_external_media.py
molly/favourites/__init__.py
molly/favourites/models.py
molly/favourites/urls.py
molly/favourites/views.py
molly/favourites/migrations/0001_initial.py
molly/favourites/migrations/__init__.py
molly/geolocation/__init__.py
molly/geolocation/context_processors.py
molly/geolocation/forms.py
molly/geolocation/models.py
molly/geolocation/urls.py
molly/geolocation/views.py
molly/geolocation/migrations/0001_initial.py
molly/geolocation/migrations/__init__.py
molly/geolocation/providers/__init__.py
molly/geolocation/providers/cloudmade.py
molly/geolocation/providers/places.py
molly/installer/__init__.py
molly/installer/commands.py
molly/installer/dbcreate.py
molly/installer/dbprep.py
molly/installer/deploy.py
molly/installer/utils.py
molly/installer/virtualenv.py
molly/installer/site/__init__.py
molly/installer/site/manage.py
molly/installer/site/settings.py
molly/installer/sysprep/__init__.py
molly/installer/sysprep/fedora.py
molly/installer/sysprep/packagekit.py
molly/installer/sysprep/redhat.py
molly/installer/sysprep/ubuntu.py
molly/installer/sysprep/ubuntu_lucid.py
molly/installer/sysprep/ubuntu_maverick.py
molly/maps/__init__.py
molly/maps/admin.py
molly/maps/models.py
molly/maps/urls.py
molly/maps/views.py
molly/maps/management/__init__.py
molly/maps/management/commands/__init__.py
molly/maps/management/commands/generate_markers.py
molly/maps/migrations/0001_initial.py
molly/maps/migrations/__init__.py
molly/maps/osm/__init__.py
molly/maps/osm/draw.py
molly/maps/osm/models.py
molly/maps/osm/urls.py
molly/maps/osm/views.py
molly/maps/templatetags/__init__.py
molly/maps/templatetags/molly_maps.py
molly/url_shortener/__init__.py
molly/url_shortener/middleware.py
molly/url_shortener/models.py
molly/url_shortener/urls.py
molly/url_shortener/views.py
molly/url_shortener/migrations/0001_initial.py
molly/url_shortener/migrations/__init__.py
molly/utils/__init__.py
molly/utils/breadcrumbs.py
molly/utils/compress.py
molly/utils/context_processors.py
molly/utils/http.py
molly/utils/i18n.py
molly/utils/logconfig.py
molly/utils/media.py
molly/utils/middleware.py
molly/utils/misc.py
molly/utils/simplify.py
molly/utils/template_loaders.py
molly/utils/views.py
molly/utils/xslt.py
molly/utils/management/__init__.py
molly/utils/management/commands/__init__.py
molly/utils/management/commands/generate_cache_manifest.py
molly/utils/management/commands/sync_and_migrate.py
molly/utils/templatetags/__init__.py
molly/utils/templatetags/molly_utils.py
molly/wurfl/__init__.py
molly/wurfl/context_processors.py
molly/wurfl/middleware.py
molly/wurfl/urls.py
molly/wurfl/views.py
molly/wurfl/vsm.py
molly/wurfl/management/__init__.py
molly/wurfl/management/commands/__init__.py
molly/wurfl/management/commands/update_wurfl.py